id,firstname,lastname,profession
1,Silvana,Malvino,worker
2,Shannah,Chesna,worker
3,Tybie,Bakerman,doctor
4,Inga,Alcott,developer
5,Ulrike,Cimbura,firefighter
6,Lolita,Wenda,developer
7,Donnie,Atcliffe,worker
8,Kristan,Bohlin,firefighter
9,Rosaline,Adlare,worker
10,Ebonee,Salvidor,firefighter
11,Gisela,Norvol,police officer
12,Adelle,Newell,worker
13,Minne,Reneta,police officer
14,Madalyn,Pond,police officer
15,Korrie,Jerald,worker
16,Max,Zuzana,doctor
17,Melanie,Behre,developer
18,Amii,Jefferey,police officer
19,Chickie,Uird,doctor
20,Luci,Lamoree,firefighter
21,Lusa,Dimitris,police officer
22,Ellette,Timon,firefighter
23,Nadine,Bord,police officer
24,Nanete,Stilwell,police officer
25,Judy,Marden,police officer
26,Alyssa,Adamsen,police officer
27,Nataline,Lipson,doctor
28,Rosabelle,Sallyann,doctor
29,Candi,Hanleigh,police officer
30,Maurene,Brieta,worker
31,Meghann,Boycey,firefighter
32,Anestassia,Alarise,firefighter
33,Sidoney,Hanshaw,police officer
34,Di,Montgomery,firefighter
35,Katuscha,Mayeda,firefighter
36,Wileen,Brodench,developer
37,Reeba,Lunsford,firefighter
38,Damaris,Zola,doctor
39,Ingrid,Chauncey,worker
40,Blake,Sandye,doctor
41,Sam,Vorster,firefighter
42,Mamie,LaRue,developer
43,Marinna,Tiffa,worker
44,Ellette,Vastah,developer
45,Willetta,Celestine,worker
46,Lusa,Salvidor,developer
47,Marjie,Yuille,developer
48,Ada,Whiffen,worker
49,Keelia,Selway,worker
50,Cassondra,Belldas,firefighter
51,Shaine,Bennie,doctor
52,Lory,Ingra,developer
53,Margalo,Oriana,developer
54,Elvira,Jacinda,police officer
55,Eolanda,Therine,developer
56,Nannie,Mendez,worker
57,Malina,Erb,worker
58,Leeanne,Hurley,doctor
59,Robbi,Erskine,developer
60,Leona,Weide,worker
61,Elvira,Henrie,developer
62,Christy,Eachern,doctor
63,Christal,Edvard,firefighter
64,Jorry,Bevin,developer
65,Christian,Odysseus,police officer
66,Daphne,Reidar,worker
67,Merle,Destinee,developer
68,Leia,Hebner,worker
69,Gratia,Hortensia,doctor
70,Tracey,Brodench,police officer
71,Jacquetta,Abram,doctor
72,Lynde,Melan,doctor
73,Sharlene,Lindemann,firefighter
74,Delilah,Aaberg,firefighter
75,Katuscha,Loeb,doctor
76,Raina,Rosalba,police officer
77,Sybille,Darrell,doctor
78,Anallese,Roxanna,worker
79,Romona,Brotherson,developer
80,Tabbatha,Sikorski,police officer
81,Pierette,Israeli,firefighter
82,Harrietta,Chauncey,doctor
83,Grier,Angelis,firefighter
84,Starla,Silvan,firefighter
85,Britte,Noman,police officer
86,Lusa,Fontana,developer
87,Chrystel,Merriott,developer
88,Binny,Schlosser,doctor
89,Kimberley,August,police officer
90,Amii,Allina,police officer
91,Esmeralda,Juliet,worker
92,Nanete,Hilbert,firefighter
93,Rani,Tarrant,developer
94,Florencia,Harriman,worker
95,Fayre,Wyn,police officer
96,Aurore,Kress,doctor
97,Neila,Wareing,police officer
98,Ida,Elephus,worker
99,Marline,Zrike,police officer
100,Riannon,Wandie,firefighter
